Date,keyword
2016-01-01,4.4336
2016-01-02,6.32159
2016-01-03,5.53669
2016-01-04,63.41747
2016-01-05,39.14934
2016-01-06,44.19813
2016-01-07,58.2414
2016-01-08,42.36317
2016-01-09,10.74459
2016-01-10,12.0386
2016-01-11,64.00084
2016-01-12,58.01866
2016-01-13,44.91938
2016-01-14,57.38226
2016-01-15,39.81756
2016-01-16,19.03903
2016-01-17,15.43275
2016-01-18,36.51887
2016-01-19,40.8252
2016-01-20,42.63894
2016-01-21,35.16122
2016-01-22,33.83538
2016-01-23,10.4582
2016-01-24,12.07042
2016-01-25,43.86932
2016-01-26,30.69579
2016-01-27,24.87271
2016-01-28,24.01357
2016-01-29,27.87441
2016-01-30,9.53542
2016-01-31,10.52184
2016-02-01,34.73695
2016-02-02,23.48324
2016-02-03,31.32159
2016-02-04,30.32456
2016-02-05,25.14849
2016-02-06,6.16249
2016-02-07,4.57148
2016-02-08,4.80483
2016-02-09,5.95036
2016-02-10,17.61773
2016-02-11,39.57361
2016-02-12,46.19219
2016-02-13,8.14594
2016-02-14,7.29741
2016-02-15,29.63512
2016-02-16,32.9232
2016-02-17,58.83538
2016-02-18,45.37547
2016-02-19,78.23504
2016-02-20,18.50869
2016-02-21,14.29783
2016-02-22,48.13322
2016-02-23,39.30844
2016-02-24,43.33899
2016-02-25,50.3288
2016-02-26,38.72507
2016-02-27,14.75392
2016-02-28,13.90538
2016-02-29,41.76919
2016-03-01,19.10267
2016-03-02,37.27195
2016-03-03,54.51845
2016-03-04,59.6521
2016-03-05,15.62367
2016-03-06,15.30547
2016-03-07,53.90326
2016-03-08,39.43572
2016-03-09,31.8095
2016-03-10,38.69325
2016-03-11,45.90581
2016-03-12,13.67204
2016-03-13,13.82053
2016-03-14,59.6521
2016-03-15,46.12855
2016-03-16,27.68349
2016-03-17,76.89859
2016-03-18,63.66143
2016-03-19,19.97242
2016-03-20,16.33432
2016-03-21,46.46796
2016-03-22,54.21086
2016-03-23,41.47221
2016-03-24,40.13576
2016-03-25,30.12303
2016-03-26,7.47772
2016-03-27,6.56554
2016-03-28,36.81586
2016-03-29,29.4336
2016-03-30,47.35893
2016-03-31,49.27874
2016-04-01,42.01315
2016-04-02,10.04454
2016-04-03,9.5036
2016-04-04,34.54603
2016-04-05,31.82011
2016-04-06,28.56385
2016-04-07,25.6364
2016-04-08,31.43826
2016-04-09,7.1277
2016-04-10,5.57912
2016-04-11,34.1854
2016-04-12,30.17607
2016-04-13,11.57191
2016-04-14,31.74586
2016-04-15,24.04539
2016-04-16,8.82477
2016-04-17,8.36868
2016-04-18,24.2151
2016-04-19,47.27407
2016-04-20,48.51506
2016-04-21,30.87611
2016-04-22,22.42257
2016-04-23,6.04582
2016-04-24,5.88672
2016-04-25,27.15316
2016-04-26,23.93932
2016-04-27,22.54985
2016-04-28,26.12431
2016-04-29,33.0717
2016-04-30,16.83283
2016-05-01,11.61434
2016-05-02,33.45354
2016-05-03,22.21043
2016-05-04,33.34747
2016-05-05,9.84302
2016-05-06,9.1854
2016-05-07,8.03988
2016-05-08,6.78829
2016-05-09,39.31904
2016-05-10,38.21595
2016-05-11,28.23504
2016-05-12,27.8638
2016-05-13,23.68476
2016-05-14,5.5473
2016-05-15,5.48366
2016-05-16,42.08739
2016-05-17,33.11412
2016-05-18,41.24946
2016-05-19,46.92405
2016-05-20,32.49893
2016-05-21,7.64743
2016-05-22,10.4476
2016-05-23,38.01442
2016-05-24,32.00042
2016-05-25,26.42129
2016-05-26,26.26219
2016-05-27,33.81417
2016-05-28,6.31098
2016-05-29,6.20492
2016-05-30,37.54773
2016-05-31,32.29741
2016-06-01,20.63003
2016-06-02,20.17394
2016-06-03,23.87568
2016-06-04,9.07933
2016-06-05,5.36699
2016-06-06,10.50063
2016-06-07,64.99787
2016-06-08,36.8795
2016-06-09,36.7204
2016-06-10,26.64403
2016-06-11,7.7641
2016-06-12,7.05345
2016-06-13,32.09588
2016-06-14,33.35808
2016-06-15,31.88375
2016-06-16,29.15782
2016-06-17,18.79507
2016-06-18,6.9686
2016-06-19,5.82308
2016-06-20,39.2448
2016-06-21,41.55706
2016-06-22,29.97454
2016-06-23,35.03394
2016-06-24,89.71149
2016-06-25,34.11115
2016-06-26,27.04709
2016-06-27,93.47687
2016-06-28,53.39414
2016-06-29,46.48918
2016-06-30,66.54645
2016-07-01,62.30377
2016-07-02,10.4476
2016-07-03,9.83241
2016-07-04,42.36317
2016-07-05,24.50148
2016-07-06,30.2291
2016-07-07,22.87865
2016-07-08,25.49851
2016-07-09,6.0246
2016-07-10,6.6504
2016-07-11,46.41493
2016-07-12,26.32583
2016-07-13,26.36826
2016-07-14,40.44336
2016-07-15,50.54094
2016-07-16,9.14297
2016-07-17,10.2885
2016-07-18,39.58421
2016-07-19,34.9703
2016-07-20,24.78786
2016-07-21,26.98345
2016-07-22,25.12728
2016-07-23,5.50487
2016-07-24,6.62918
2016-07-25,26.19855
2016-07-26,22.40135
2016-07-27,19.88756
2016-07-28,44.25116
2016-07-29,46.51039
2016-07-30,16.82223
2016-07-31,14.69028
2016-08-01,85.38396
2016-08-02,61.37038
2016-08-03,39.81756
2016-08-04,35.01272
2016-08-05,33.35808
2016-08-06,12.24013
2016-08-07,7.49893
2016-08-08,37.1977
2016-08-09,32.02163
2016-08-10,55.13364
2016-08-11,62.61137
2016-08-12,28.66991
2016-08-13,7.32923
2016-08-14,5.64276
2016-08-15,8.59142
2016-08-16,45.30123
2016-08-17,40.72974
2016-08-18,30.75943
2016-08-19,38.33262
2016-08-20,11.34917
2016-08-21,8.2308
2016-08-22,42.82986
2016-08-23,26.84556
2016-08-24,27.84259
2016-08-25,31.16249
2016-08-26,28.30929
2016-08-27,13.41747
2016-08-28,10.94611
2016-08-29,53.57445
2016-08-30,32.42469
2016-08-31,31.08824
2016-09-01,28.41535
2016-09-02,27.535
2016-09-03,7.15952
2016-09-04,7.41408
2016-09-05,47.64531
2016-09-06,27.99109
2016-09-07,65.58124
2016-09-08,36.084
2016-09-09,30.55791
2016-09-10,8.71871
2016-09-11,8.4005
2016-09-12,42.19346
2016-09-13,29.23207
2016-09-14,10.52184
2016-09-15,6.59736
2016-09-16,7.22316
2016-09-17,9.10055
2016-09-18,11.31735
2016-09-19,43.52991
2016-09-20,28.10776
2016-09-21,31.4913
2016-09-22,38.21595
2016-09-23,17.96775
2016-09-24,5.52609
2016-09-25,6.5019
2016-09-26,21.11794
2016-09-27,33.19898
2016-09-28,28.35171
2016-09-29,19.38905
2016-09-30,12.8235
2016-10-01,4.25328
2016-10-02,4.45481
2016-10-03,10.06576
2016-10-04,20.90581
2016-10-05,24.49087
2016-10-06,18.46627
2016-10-07,16.21764
2016-10-08,5.40941
2016-10-09,7.32923
2016-10-10,19.26177
2016-10-11,25.27577
2016-10-12,24.09843
2016-10-13,29.94272
2016-10-14,16.68434
2016-10-15,7.81714
2016-10-16,10.4582
2016-10-17,43.41323
2016-10-18,22.22104
2016-10-19,22.80441
2016-10-20,20.23759
2016-10-21,20.51336
2016-10-22,9.93848
2016-10-23,9.57785
2016-10-24,24.8515
2016-10-25,15.24183
2016-10-26,15.15697
2016-10-27,16.99193
2016-10-28,19.51633
2016-10-29,4.71998
2016-10-30,6.8095
2016-10-31,23.47263
2016-11-01,13.7781
2016-11-02,17.77683
2016-11-03,16.07976
2016-11-04,15.72974
2016-11-05,5.42002
2016-11-06,6.28977
2016-11-07,24.43784
2016-11-08,15.15697
2016-11-09,61.63555
2016-11-10,45.79974
2016-11-11,76.64403
2016-11-12,13.35383
2016-11-13,12.95078
2016-11-14,37.57955
2016-11-15,30.81247
2016-11-16,24.93635
2016-11-17,22.68773
2016-11-18,32.50954
2016-11-19,10.43699
2016-11-20,9.11115
2016-11-21,29.47602
2016-11-22,23.53627
2016-11-23,17.69198
2016-11-24,17.8935
2016-11-25,15.27365
2016-11-26,4.83665
2016-11-27,5.2291
2016-11-28,18.76325
2016-11-29,13.9266
2016-11-30,14.47815
2016-12-01,14.84938
2016-12-02,13.24777
2016-12-03,4.07297
2016-12-04,6.44887
2016-12-05,20.13152
2016-12-06,18.89053
2016-12-07,14.22358
2016-12-08,25.85914
2016-12-09,21.6801
2016-12-10,7.36105
2016-12-11,7.72168
2016-12-12,30.79126
2016-12-13,15.22061
2016-12-14,15.12515
2016-12-15,30.36699
2016-12-16,31.5019
2016-12-17,6.28977
2016-12-18,7.35044
2016-12-19,26.51675
2016-12-20,24.14085
2016-12-21,21.12855
2016-12-22,21.09673
2016-12-23,27.66228
2016-12-24,12.97199
2016-12-25,12.09164
2016-12-26,22.19983
2016-12-27,26.77131
2016-12-28,34.39753
2016-12-29,18.91175
2016-12-30,18.49809
2016-12-31,8.34747
2017-01-01,5.98218
2017-01-02,27.02588
2017-01-03,17.47984
2017-01-04,14.65846
2017-01-05,33.75053
2017-01-06,20.49215
2017-01-07,7.26559
2017-01-08,7.78532
2017-01-09,22.45439
2017-01-10,19.19813
2017-01-11,16.75859
2017-01-12,35.37335
2017-01-13,26.98345
2017-01-14,8.16716
2017-01-15,10.7658
2017-01-16,19.77089
2017-01-17,24.33177
2017-01-18,38.24777
2017-01-19,19.9512
2017-01-20,15.28425
2017-01-21,5.25031
2017-01-22,5.25031
2017-01-23,28.34111
2017-01-24,29.24268
2017-01-25,19.86635
2017-01-26,24.77725
2017-01-27,3.94569
2017-01-28,3.18201
2017-01-29,4.1154
2017-01-30,9.35511
2017-01-31,16.13279
2017-02-01,22.69834
2017-02-02,42.27831
2017-02-03,23.02715
2017-02-04,14.43572
2017-02-05,15.23122
2017-02-06,40.34789
2017-02-07,24.17267
2017-02-08,19.08145
2017-02-09,14.92363
2017-02-10,19.90878
2017-02-11,7.27619
2017-02-12,6.56554
2017-02-13,22.16801
2017-02-14,28.81841
2017-02-15,24.67119
2017-02-16,15.91005
2017-02-17,12.81289
2017-02-18,5.71701
2017-02-19,6.1731
2017-02-20,15.12515
2017-02-21,15.63428
2017-02-22,16.82223
2017-02-23,23.67416
2017-02-24,33.69749
2017-02-25,9.22783
2017-02-26,8.71871
2017-02-27,30.99278
2017-02-28,23.67416
2017-03-01,17.90411
2017-03-02,39.47815
2017-03-03,38.89478
2017-03-04,23.81204
2017-03-05,14.45693
2017-03-06,40.87823
2017-03-07,28.83962
2017-03-08,31.30038
2017-03-09,37.21892
2017-03-10,27.56682
2017-03-11,7.81714
2017-03-12,13.33262
2017-03-13,36.51887
2017-03-14,40.62367
2017-03-15,31.09885
2017-03-16,79.98515
2017-03-17,43.48748
2017-03-18,15.26304
2017-03-19,14.74331
2017-03-20,85.53245
2017-03-21,62.92957
2017-03-22,24.3742
2017-03-23,32.27619
2017-03-24,16.55706
2017-03-25,11.58252
2017-03-26,9.51421
2017-03-27,39.89181
2017-03-28,23.81204
2017-03-29,19.49512
2017-03-30,23.16504
2017-03-31,20.56639
2017-04-01,7.65803
2017-04-02,6.67161
2017-04-03,26.12431
2017-04-04,18.37081
2017-04-05,20.75731
2017-04-06,27.93805
2017-04-07,26.07127
2017-04-08,9.5036
2017-04-09,10.10818
2017-04-10,41.02672
2017-04-11,39.43572
2017-04-12,25.3288
2017-04-13,25.647
2017-04-14,27.11073
2017-04-15,8.88841
2017-04-16,8.32626
2017-04-17,20.19516
2017-04-18,21.39372
2017-04-19,15.39032
2017-04-20,13.00381
2017-04-21,15.65549
2017-04-22,4.34874
2017-04-23,3.11837
2017-04-24,21.24522
2017-04-25,11.78404
2017-04-26,16.38735
2017-04-27,14.14934
2017-04-28,8.17776
2017-04-29,3.42596
2017-04-30,3.29868
2017-05-01,5.51548
2017-05-02,16.74798
2017-05-03,3.62749
2017-05-04,8.89902
2017-05-05,3.9563
2017-05-06,3.63809
2017-05-07,3.06533
2017-05-08,12.9826
2017-05-09,3.50021
2017-05-10,8.47475
2017-05-11,9.16419
2017-05-12,8.99448
2017-05-13,2.60924
2017-05-14,2.57742
2017-05-15,18.90114
2017-05-16,26.32583
2017-05-17,17.00254
2017-05-18,11.09461
2017-05-19,8.2414
2017-05-20,2.26983
2017-05-21,2.77895
2017-05-22,19.43148
2017-05-23,9.12176
2017-05-24,8.69749
2017-05-25,10.43699
2017-05-26,8.14594
2017-05-27,2.13194
2017-05-28,2.66228
2017-05-29,16.69495
2017-05-30,7.67925
2017-05-31,8.46414
2017-06-01,6.48069
2017-06-02,6.24734
2017-06-03,1.88799
2017-06-04,2.59864
2017-06-05,8.82477
2017-06-06,3.06533
2017-06-07,6.3428
2017-06-08,8.0823
2017-06-09,6.90496
2017-06-10,1.66525
2017-06-11,2.52439
2017-06-12,15.85702
2017-06-13,11.68858
2017-06-14,5.84429
2017-06-15,14.96605
2017-06-16,11.81586
2017-06-17,2.71531
2017-06-18,3.71234
2017-06-19,16.45099
2017-06-20,12.1871
2017-06-21,17.23589
2017-06-22,9.93848
2017-06-23,10.00212
2017-06-24,1.69707
2017-06-25,1.84556
2017-06-26,15.61306
2017-06-27,7.47772
2017-06-28,12.05982
2017-06-29,10.47942
2017-06-30,17.58591
2017-07-01,2.535
2017-07-02,2.52439
2017-07-03,15.81459
2017-07-04,18.39202
2017-07-05,13.44929
2017-07-06,22.76198
2017-07-07,14.563
2017-07-08,2.74713
2017-07-09,2.63046
2017-07-10,25.67882
2017-07-11,8.11412
2017-07-12,14.67967
2017-07-13,22.92108
2017-07-14,11.43402
2017-07-15,3.39414
2017-07-16,2.90623
2017-07-17,20.70428
2017-07-18,19.56936
2017-07-19,21.12855
2017-07-20,13.83114
2017-07-21,9.27025
2017-07-22,2.7047
2017-07-23,2.30165
2017-07-24,21.5316
2017-07-25,16.66313
2017-07-26,11.16885
2017-07-27,12.55833
2017-07-28,6.45948
2017-07-29,3.11837
2017-07-30,3.07594
2017-07-31,9.30207
2017-08-01,7.39287
2017-08-02,4.94272
2017-08-03,9.75816
2017-08-04,8.11412
2017-08-05,1.33644
2017-08-06,1.51675
2017-08-07,11.14764
2017-08-08,8.44293
2017-08-09,20.37547
2017-08-10,19.7921
2017-08-11,17.52227
2017-08-12,2.8638
2017-08-13,3.02291
2017-08-14,11.5613
2017-08-15,2.17437
2017-08-16,13.49172
2017-08-17,5.90793
2017-08-18,7.27619
2017-08-19,1.50615
2017-08-20,1.81374
2017-08-21,13.88417
2017-08-22,14.0857
2017-08-23,11.10521
2017-08-24,6.25795
2017-08-25,5.78065
2017-08-26,1.81374
2017-08-27,2.17437
2017-08-28,15.86762
2017-08-29,11.57191
2017-08-30,9.16419
2017-08-31,8.76113
2017-09-01,4.64573
2017-09-02,2.32286
2017-09-03,5.07
2017-09-04,21.46796
2017-09-05,9.15358
2017-09-06,10.43699
2017-09-07,7.31862
2017-09-08,5.48366
2017-09-09,1.79253
2017-09-10,2.0683
2017-09-11,6.40644
2017-09-12,6.36402
2017-09-13,4.40178
2017-09-14,4.20025
2017-09-15,3.18201
2017-09-16,1.02885
2017-09-17,1.44251
2017-09-18,5.15485
2017-09-19,3.88205
2017-09-20,4.01994
2017-09-21,10.15061
2017-09-22,12.49469
2017-09-23,1.17734
2017-09-24,1.58039
2017-09-25,11.30674
2017-09-26,12.73865
2017-09-27,11.05218
2017-09-28,18.74204
2017-09-29,8.83538
2017-09-30,1.36826
2017-10-01,0.94399
2017-10-02,1.36826
2017-10-03,1.10309
2017-10-04,0.82732
2017-10-05,1.08188
2017-10-06,1.25159
2017-10-07,1.10309
2017-10-08,1.45311
2017-10-09,3.19261
2017-10-10,18.31777
2017-10-11,6.77768
2017-10-12,9.45057
2017-10-13,5.07
2017-10-14,2.26983
2017-10-15,2.00466
2017-10-16,7.7641
2017-10-17,4.40178
2017-10-18,7.48833
2017-10-19,5.87611
2017-10-20,6.98981
2017-10-21,1.30462
2017-10-22,1.85617
2017-10-23,14.44633
2017-10-24,9.23843
2017-10-25,10.25668
2017-10-26,8.34747
2017-10-27,10.6067
2017-10-28,1.7501
2017-10-29,1.33644
2017-10-30,16.99193
2017-10-31,10.88247
2017-11-01,18.84811
2017-11-02,13.52354
2017-11-03,9.07933
2017-11-04,2.2274
2017-11-05,2.91684
2017-11-06,11.13703
2017-11-07,15.24183
2017-11-08,7.36105
2017-11-09,10.90369
2017-11-10,9.38693
2017-11-11,1.35765
2017-11-12,1.31523
2017-11-13,9.86423
2017-11-14,6.42766
2017-11-15,7.88078
2017-11-16,50.0106
2017-11-17,26.05006
2017-11-18,2.89563
2017-11-19,2.65167
2017-11-20,16.82223
2017-11-21,13.04624
2017-11-22,10.67034
2017-11-23,11.46584
2017-11-24,20.50275
2017-11-25,2.60924
2017-11-26,2.52439
2017-11-27,14.55239
2017-11-28,9.54603
2017-11-29,28.65931
2017-11-30,23.02715
2017-12-01,7.23377
2017-12-02,2.0577
2017-12-03,2.2168
2017-12-04,14.81756
2017-12-05,11.02036
2017-12-06,7.79592
2017-12-07,6.00339
2017-12-08,5.5473
2017-12-09,1.84556
2017-12-10,2.13194
2017-12-11,10.62791
2017-12-12,6.6504
2017-12-13,7.50954
2017-12-14,11.25371
2017-12-15,6.09885
2017-12-16,1.24098
2017-12-17,1.56979
2017-12-18,4.51845
2017-12-19,6.09885
2017-12-20,6.71404
2017-12-21,13.51294
2017-12-22,6.04582
2017-12-23,1.85617
2017-12-24,1.62282
2017-12-25,1.72889
2017-12-26,15.42214
2017-12-27,17.00254
2017-12-28,13.7675
2017-12-29,8.28383
2017-12-30,3.38353
2017-12-31,2.10012
2018-01-01,2.64106
2018-01-02,17.37378
2018-01-03,11.49766
2018-01-04,12.84471
2018-01-05,10.00212
2018-01-06,4.85787
2018-01-07,4.69876
2018-01-08,17.05557
2018-01-09,14.563
2018-01-10,15.72974
2018-01-11,10.88247
2018-01-12,12.15528
2018-01-13,3.90326
2018-01-14,4.30632
2018-01-15,8.77174
2018-01-16,7.53075
2018-01-17,6.10946
2018-01-18,5.19728
2018-01-19,4.97454
2018-01-20,3.41535
2018-01-21,3.18201
2018-01-22,7.26559
2018-01-23,9.33389
2018-01-24,8.7081
2018-01-25,13.67204
2018-01-26,8.0717
2018-01-27,1.70767
2018-01-28,2.42893
2018-01-29,6.86253
2018-01-30,9.64149
2018-01-31,7.52015
2018-02-01,7.22316
2018-02-02,12.15528
2018-02-03,5.60033
2018-02-04,4.58209
2018-02-05,13.19473
2018-02-06,24.63937
2018-02-07,7.9232
2018-02-08,5.58973
2018-02-09,10.26728
2018-02-10,1.54857
2018-02-11,2.11073
2018-02-12,7.55197
2018-02-13,4.98515
2018-02-14,4.06236
2018-02-15,1.66525
2018-02-16,1.26219
2018-02-17,1.38947
2018-02-18,1.93042
2018-02-19,10.80823
2018-02-20,5.40941
2018-02-21,4.1154
2018-02-22,5.61094
2018-02-23,4.94272
2018-02-24,1.62282
2018-02-25,1.99406
2018-02-26,7.58379
2018-02-27,7.1277
2018-02-28,5.40941
2018-03-01,2.57742
2018-03-02,4.20025
2018-03-03,2.26983
2018-03-04,2.34408
2018-03-05,6.661
2018-03-06,4.83665
2018-03-07,8.36868
2018-03-08,4.52906
2018-03-09,5.13364
2018-03-10,1.38947
2018-03-11,1.72889
2018-03-12,10.26728
2018-03-13,4.99575
2018-03-14,5.12303
2018-03-15,4.03054
2018-03-16,6.54433
2018-03-17,1.52736
2018-03-18,2.16376
2018-03-19,6.24734
2018-03-20,4.31692
2018-03-21,4.00933
2018-03-22,13.619
2018-03-23,17.97836
2018-03-24,4.7624
2018-03-25,4.04115
2018-03-26,13.88417
2018-03-27,8.44293
2018-03-28,5.80186
2018-03-29,9.55663
2018-03-30,9.30207
2018-03-31,2.99109
2018-04-01,2.43954
2018-04-02,17.96775
2018-04-03,17.98896
2018-04-04,7.61561
2018-04-05,12.07042
2018-04-06,6.52312
2018-04-07,1.591
2018-04-08,2.15316
2018-04-09,10.19304
2018-04-10,4.30632
2018-04-11,3.63809
2018-04-12,4.62452
2018-04-13,3.81841
2018-04-14,3.28807
2018-04-15,2.25922
2018-04-16,17.63894
2018-04-17,4.98515
2018-04-18,7.57318
2018-04-19,6.32159
2018-04-20,7.89138
2018-04-21,2.04709
2018-04-22,1.85617
2018-04-23,9.05812
2018-04-24,8.41111
2018-04-25,7.25498
2018-04-26,5.91854
2018-04-27,5.51548
2018-04-28,1.86677
2018-04-29,1.98345
2018-04-30,11.81586
2018-05-01,2.65167
2018-05-02,7.33983
2018-05-03,5.95036
2018-05-04,6.95799
2018-05-05,1.52736
2018-05-06,1.24098
2018-05-07,2.46075
2018-05-08,19.98302
2018-05-09,5.88672
2018-05-10,5.82308
2018-05-11,5.25031
2018-05-12,1.77131
2018-05-13,1.76071
2018-05-14,7.30801
2018-05-15,5.89732
2018-05-16,5.73822
2018-05-17,4.15782
2018-05-18,4.32753
2018-05-19,1.30462
2018-05-20,1.51675
2018-05-21,6.04582
2018-05-22,2.39711
2018-05-23,7.50954
2018-05-24,3.68052
2018-05-25,4.34874
2018-05-26,0.84853
2018-05-27,1.25159
2018-05-28,10.99915
2018-05-29,4.69876
2018-05-30,7.54136
2018-05-31,4.67755
2018-06-01,3.18201
2018-06-02,0.82732
2018-06-03,1.48493
2018-06-04,9.74756
2018-06-05,5.18667
2018-06-06,1.58039
2018-06-07,6.014
2018-06-08,4.00933
2018-06-09,1.17734
2018-06-10,1.82435
2018-06-11,4.5927
2018-06-12,4.01994
2018-06-13,2.10012
2018-06-14,7.10649
2018-06-15,28.45778
2018-06-16,5.56851
2018-06-17,4.77301
2018-06-18,39.69028
2018-06-19,27.5456
2018-06-20,19.49512
2018-06-21,16.44039
2018-06-22,7.81714
2018-06-23,2.45014
2018-06-24,2.49257
2018-06-25,26.58039
2018-06-26,11.68858
2018-06-27,7.90199
2018-06-28,9.86423
2018-06-29,8.78235
2018-06-30,2.68349
2018-07-01,2.2274
2018-07-02,16.61009
2018-07-03,8.51718
2018-07-04,6.20492
2018-07-05,6.10946
2018-07-06,7.68985
2018-07-07,2.11073
2018-07-08,1.88799
2018-07-09,6.44887
2018-07-10,4.92151
2018-07-11,6.78829
2018-07-12,11.90072
2018-07-13,7.41408
2018-07-14,2.63046
2018-07-15,2.57742
2018-07-16,6.54433
2018-07-17,6.07764
2018-07-18,6.95799
2018-07-19,6.24734
2018-07-20,15.48578
2018-07-21,3.46839
2018-07-22,2.00466
2018-07-23,7.81714
2018-07-24,7.00042
2018-07-25,6.9686
2018-07-26,16.01612
2018-07-27,6.98981
2018-07-28,2.32286
2018-07-29,1.72889
2018-07-30,10.52184
2018-07-31,5.2291
2018-08-01,4.36996
2018-08-02,11.14764
2018-08-03,7.78532
2018-08-04,1.89859
2018-08-05,1.79253
2018-08-06,6.5019
2018-08-07,5.78065
2018-08-08,8.96266
2018-08-09,7.05345
2018-08-10,8.82477
2018-08-11,2.84259
2018-08-12,3.21383
2018-08-13,14.2554
2018-08-14,7.93381
2018-08-15,2.77895
2018-08-16,5.8549
2018-08-17,6.60797
2018-08-18,1.21977
2018-08-19,1.17734
2018-08-20,5.00636
2018-08-21,7.52015
2018-08-22,5.00636
2018-08-23,4.25328
2018-08-24,5.01697
2018-08-25,1.58039
2018-08-26,2.00466
2018-08-27,8.89902
2018-08-28,13.16291
2018-08-29,8.25201
2018-08-30,11.73101
2018-08-31,4.67755
2018-09-01,1.49554
2018-09-02,1.70767
2018-09-03,5.7064
2018-09-04,7.25498
2018-09-05,5.3882
2018-09-06,5.73822
2018-09-07,4.50784
2018-09-08,1.53797
2018-09-09,1.21977
2018-09-10,19.7815
2018-09-11,21.13915
2018-09-12,12.14467
2018-09-13,5.20789
2018-09-14,5.57912
2018-09-15,1.78192
2018-09-16,1.84556
2018-09-17,10.96733
2018-09-18,7.62621
2018-09-19,4.41238
2018-09-20,7.42469
2018-09-21,6.35341
2018-09-22,1.13491
2018-09-23,0.9546
2018-09-24,0.92278
2018-09-25,1.24098
2018-09-26,2.19558
2018-09-27,13.72507
2018-09-28,10.00212
2018-09-29,2.33347
2018-09-30,2.6941
2018-10-01,19.67543
2018-10-02,7.41408
2018-10-03,2.94866
2018-10-04,12.07042
2018-10-05,10.6067
2018-10-06,2.34408
2018-10-07,2.2274
2018-10-08,13.74628
2018-10-09,5.48366
2018-10-10,7.74289
2018-10-11,11.78404
2018-10-12,6.03521
2018-10-13,1.31523
2018-10-14,1.64403
2018-10-15,4.81544
2018-10-16,6.92617
2018-10-17,4.32753
2018-10-18,5.8655
2018-10-19,8.2414
2018-10-20,2.0683
2018-10-21,1.2728
2018-10-22,10.73398
2018-10-23,6.0246
2018-10-24,5.16546
2018-10-25,6.09885
2018-10-26,7.62621
2018-10-27,2.47136
2018-10-28,2.6941
2018-10-29,13.31141
2018-10-30,10.11879
2018-10-31,5.02757
2018-11-01,5.2291
2018-11-02,11.82647
2018-11-03,3.55324
2018-11-04,3.35171
2018-11-05,11.19007
2018-11-06,6.3428
2018-11-07,7.2868
2018-11-08,8.44293
2018-11-09,5.97157
2018-11-10,1.47433
2018-11-11,1.73949
2018-11-12,11.79465
2018-11-13,10.80823
2018-11-14,6.1837
2018-11-15,5.5473
2018-11-16,3.72295
2018-11-17,0.99703
2018-11-18,1.31523
2018-11-19,7.67925
2018-11-20,4.34874
2018-11-21,3.91387
2018-11-22,3.34111
2018-11-23,2.90623
2018-11-24,1.01824
2018-11-25,1.1137
2018-11-26,3.99872
2018-11-27,4.39117
2018-11-28,3.77598
2018-11-29,11.61434
2018-11-30,11.54009
2018-12-01,1.21977
2018-12-02,2.00466
2018-12-03,19.22995
2018-12-04,12.25074
2018-12-05,6.73525
2018-12-06,5.60033
2018-12-07,3.81841
2018-12-08,1.55918
2018-12-09,1.67585
2018-12-10,5.39881
2018-12-11,6.03521
2018-12-12,3.86084
2018-12-13,3.46839
2018-12-14,3.73355
2018-12-15,1.33644
2018-12-16,1.50615
2018-12-17,5.69579
2018-12-18,4.13661
2018-12-19,4.92151
2018-12-20,5.66397
2018-12-21,3.98812
2018-12-22,1.34705
2018-12-23,1.1137
2018-12-24,6.09885
2018-12-25,2.82138
2018-12-26,5.51548
2018-12-27,4.50784
2018-12-28,9.40814
2018-12-29,1.42129
2018-12-30,1.1137
2018-12-31,5.40941
2019-01-01,1.58039
2019-01-02,6.63979
2019-01-03,5.66397
2019-01-04,3.45778
2019-01-05,1.26219
2019-01-06,1.25159
2019-01-07,6.661
2019-01-08,3.93508
2019-01-09,2.99109
2019-01-10,3.26686
2019-01-11,7.43529
2019-01-12,1.08188
2019-01-13,1.55918
2019-01-14,4.83665
2019-01-15,6.63979
2019-01-16,5.95036
2019-01-17,3.51081
2019-01-18,2.63046
2019-01-19,0.91217
2019-01-20,1.14552
2019-01-21,11.68858
2019-01-22,7.25498
2019-01-23,3.45778
2019-01-24,2.80016
2019-01-25,3.20322
2019-01-26,1.23037
2019-01-27,1.32583
2019-01-28,9.80059
2019-01-29,3.73355
2019-01-30,3.13958
2019-01-31,8.14594
2019-02-01,8.28383
2019-02-02,0.88035
2019-02-03,0.62579
2019-02-04,0.72125
2019-02-05,0.8061
2019-02-06,1.47433
2019-02-07,5.34577
2019-02-08,3.61688
2019-02-09,0.96521
2019-02-10,1.25159
2019-02-11,8.30504
2019-02-12,5.80186
2019-02-13,4.5927
2019-02-14,2.83198
2019-02-15,7.84896
2019-02-16,1.84556
2019-02-17,1.37887
2019-02-18,7.84896
2019-02-19,6.70343
2019-02-20,6.51251
2019-02-21,4.36996
2019-02-22,3.02291
2019-02-23,1.19855
2019-02-24,1.25159
2019-02-25,10.47942
2019-02-26,6.21552
2019-02-27,3.71234
2019-02-28,3.86084
2019-03-01,1.53797
2019-03-02,1.30462
2019-03-03,1.71828
2019-03-04,7.70046
2019-03-05,3.86084
2019-03-06,4.42299
2019-03-07,3.20322
2019-03-08,15.52821
2019-03-09,2.41832
2019-03-10,2.30165
2019-03-11,8.12473
2019-03-12,10.00212
2019-03-13,4.01994
2019-03-14,4.00933
2019-03-15,4.64573
2019-03-16,1.66525
2019-03-17,1.65464
2019-03-18,12.13406
2019-03-19,3.9563
2019-03-20,4.50784
2019-03-21,6.12006
2019-03-22,6.41705
2019-03-23,1.30462
2019-03-24,1.38947
2019-03-25,8.93084
2019-03-26,3.55324
2019-03-27,3.59567
2019-03-28,8.83538
2019-03-29,6.23674
2019-03-30,1.20916
2019-03-31,1.17734
2019-04-01,3.81841
2019-04-02,5.73822
2019-04-03,3.35171
2019-04-04,2.64106
2019-04-05,2.3865
2019-04-06,0.9546
2019-04-07,0.98642
2019-04-08,20.65125
2019-04-09,8.99448
2019-04-10,3.83962
2019-04-11,3.23504
2019-04-12,3.87144
2019-04-13,0.81671
2019-04-14,1.34705
2019-04-15,4.99575
2019-04-16,3.9563
2019-04-17,2.83198
2019-04-18,3.08655
2019-04-19,2.34408
2019-04-20,0.647
2019-04-21,1.12431
2019-04-22,13.75689
2019-04-23,4.86847
2019-04-24,14.60543
2019-04-25,28.43657
2019-04-26,17.90411
2019-04-27,5.63215
2019-04-28,2.89563
2019-04-29,12.96139
2019-04-30,30.16546
2019-05-01,8.27322
2019-05-02,21.87102
2019-05-03,14.65846
2019-05-04,7.41408
2019-05-05,2.94866
2019-05-06,5.57912
2019-05-07,13.59779
2019-05-08,8.64446
2019-05-09,16.54645
2019-05-10,15.52821
2019-05-11,4.15782
2019-05-12,3.65931
2019-05-13,23.02715
2019-05-14,18.19049
2019-05-15,22.50742
2019-05-16,15.43275
2019-05-17,15.15697
2019-05-18,5.36699
2019-05-19,4.9109
2019-05-20,14.71149
2019-05-21,13.79932
2019-05-22,8.19898
2019-05-23,7.55197
2019-05-24,8.61264
2019-05-25,3.03351
2019-05-26,2.77895
2019-05-27,8.98387
2019-05-28,12.53712
2019-05-29,10.20364
2019-05-30,7.04285
2019-05-31,5.04879
2019-06-01,1.93042
2019-06-02,1.97284
2019-06-03,10.99915
2019-06-04,6.23674
2019-06-05,5.39881
2019-06-06,2.74713
2019-06-07,6.31098
2019-06-08,1.80313
2019-06-09,1.72889
2019-06-10,9.52481
2019-06-11,4.30632
2019-06-12,3.66991
2019-06-13,3.55324
2019-06-14,3.22443
2019-06-15,1.12431
2019-06-16,1.2728
2019-06-17,4.06236
2019-06-18,3.38353
2019-06-19,6.62918
2019-06-20,11.95375
2019-06-21,7.65803
2019-06-22,2.72592
2019-06-23,1.79253
2019-06-24,15.26304
2019-06-25,7.42469
2019-06-26,4.63512
2019-06-27,4.23207
2019-06-28,4.18964
2019-06-29,2.2168
2019-06-30,3.26686
2019-07-01,9.20661
2019-07-02,6.87314
2019-07-03,10.75519
2019-07-04,10.47942
2019-07-05,5.03818
2019-07-06,1.32583
2019-07-07,1.61221
2019-07-08,9.22783
2019-07-09,4.93211
2019-07-10,4.07297
2019-07-11,5.81247
2019-07-12,3.66991
2019-07-13,1.30462
2019-07-14,1.41069
2019-07-15,4.86847
2019-07-16,5.03818
2019-07-17,4.18964
2019-07-18,5.14425
2019-07-19,5.09121
2019-07-20,1.38947
2019-07-21,1.31523
2019-07-22,5.09121
2019-07-23,13.51294
2019-07-24,5.08061
2019-07-25,4.16843
2019-07-26,5.01697
2019-07-27,1.73949
2019-07-28,1.55918
2019-07-29,7.4459
2019-07-30,8.25201
2019-07-31,2.68349
2019-08-01,9.23843
2019-08-02,19.6224
2019-08-03,6.90496
2019-08-04,6.3428
2019-08-05,42.22528
2019-08-06,28.02291
2019-08-07,17.5753
2019-08-08,11.47645
2019-08-09,7.18073
2019-08-10,3.16079
2019-08-11,3.04412
2019-08-12,9.58845
2019-08-13,19.06024
2019-08-14,13.9372
2019-08-15,4.13661
2019-08-16,6.73525
2019-08-17,2.30165
2019-08-18,2.48196
2019-08-19,6.47008
2019-08-20,5.65337
2019-08-21,7.27619
2019-08-22,5.04879
2019-08-23,4.58209
2019-08-24,2.07891
2019-08-25,2.20619
2019-08-26,21.86041
2019-08-27,5.60033
2019-08-28,4.42299
2019-08-29,4.56088
2019-08-30,4.47602
2019-08-31,1.65464
2019-09-01,1.78192
2019-09-02,4.49724
2019-09-03,5.00636
2019-09-04,6.13067
2019-09-05,17.18285
2019-09-06,22.66652
2019-09-07,2.26983
2019-09-08,1.96224
2019-09-09,17.53288
2019-09-10,9.74756
2019-09-11,3.70173
2019-09-12,1.35765
2019-09-13,1.07127
2019-09-14,1.20916
2019-09-15,2.0683
2019-09-16,15.09333
2019-09-17,7.10649
2019-09-18,4.45481
2019-09-19,5.52609
2019-09-20,5.15485
2019-09-21,2.01527
2019-09-22,1.91981
2019-09-23,10.26728
2019-09-24,9.70513
2019-09-25,9.08994
2019-09-26,4.10479
2019-09-27,3.86084
2019-09-28,1.41069
2019-09-29,1.53797
2019-09-30,4.35935
2019-10-01,3.46839
2019-10-02,3.97751
2019-10-03,1.89859
2019-10-04,3.89266
2019-10-05,1.44251
2019-10-06,1.49554
2019-10-07,3.94569
2019-10-08,3.75477
2019-10-09,1.42129
2019-10-10,3.86084
2019-10-11,6.75647
2019-10-12,2.15316
2019-10-13,2.2274
2019-10-14,6.75647
2019-10-15,4.6033
2019-10-16,4.64573
2019-10-17,5.46245
2019-10-18,5.46245
2019-10-19,1.46372
2019-10-20,1.65464
2019-10-21,9.9809
2019-10-22,8.3899
2019-10-23,5.11243
2019-10-24,5.72761
2019-10-25,3.70173
2019-10-26,1.19855
2019-10-27,1.42129
2019-10-28,6.76707
2019-10-29,9.3445
2019-10-30,6.31098
2019-10-31,8.90963
2019-11-01,4.49724
2019-11-02,1.45311
2019-11-03,1.68646
2019-11-04,8.01866
2019-11-05,7.52015
2019-11-06,6.14128
2019-11-07,5.21849
2019-11-08,5.23971
2019-11-09,1.30462
2019-11-10,1.28341
2019-11-11,4.98515
2019-11-12,3.87144
2019-11-13,4.09418
2019-11-14,5.02757
2019-11-15,3.93508
2019-11-16,0.92278
2019-11-17,1.37887
2019-11-18,4.16843
2019-11-19,3.83962
2019-11-20,4.21086
2019-11-21,6.67161
2019-11-22,5.25031
2019-11-23,1.46372
2019-11-24,1.65464
2019-11-25,4.78362
2019-11-26,3.93508
2019-11-27,3.6487
2019-11-28,3.81841
2019-11-29,4.05176
2019-11-30,1.20916
2019-12-01,1.591
2019-12-02,5.72761
2019-12-03,7.68985
2019-12-04,8.92023
2019-12-05,5.87611
2019-12-06,3.89266
2019-12-07,1.18795
2019-12-08,1.38947
2019-12-09,4.39117
2019-12-10,4.78362
2019-12-11,6.61858
2019-12-12,6.13067
2019-12-13,12.29316
2019-12-14,2.96987
2019-12-15,2.7047
2019-12-16,6.89435
2019-12-17,9.55663
2019-12-18,7.40347
2019-12-19,6.61858
2019-12-20,7.15952
2019-12-21,2.67288
2019-12-22,2.68349
2019-12-23,5.96096
2019-12-24,4.10479
2019-12-25,1.591
2019-12-26,4.4336
2019-12-27,3.91387
2019-12-28,1.53797
2019-12-29,1.7501
2019-12-30,6.73525
2019-12-31,4.50784
2020-01-01,2.33347
2020-01-02,5.17607
2020-01-03,6.36402
2020-01-04,2.43954
2020-01-05,2.92745
2020-01-06,7.82774
2020-01-07,5.53669
2020-01-08,8.36868
2020-01-09,7.23377
2020-01-10,4.04115
2020-01-11,1.62282
2020-01-12,1.54857
2020-01-13,6.68222
2020-01-14,8.67628
2020-01-15,4.4336
2020-01-16,3.89266
2020-01-17,3.50021
2020-01-18,1.31523
2020-01-19,1.15613
2020-01-20,3.61688
2020-01-21,4.62452
2020-01-22,3.39414
2020-01-23,2.52439
2020-01-24,1.01824
2020-01-25,0.7955
2020-01-26,1.00763
2020-01-27,2.14255
2020-01-28,6.75647
2020-01-29,4.45481
2020-01-30,7.37165
2020-01-31,7.04285
2020-02-01,3.87144
2020-02-02,3.59567
2020-02-03,7.87017
2020-02-04,5.93975
2020-02-05,4.7624
2020-02-06,4.33814
2020-02-07,3.77598
2020-02-08,2.19558
2020-02-09,1.85617
2020-02-10,4.58209
2020-02-11,6.28977
2020-02-12,4.81544
2020-02-13,3.62749
2020-02-14,3.30929
2020-02-15,1.31523
2020-02-16,1.28341
2020-02-17,3.23504
2020-02-18,4.9109
2020-02-19,3.94569
2020-02-20,7.79592
2020-02-21,10.54306
2020-02-22,3.86084
2020-02-23,3.58506
2020-02-24,11.57191
2020-02-25,7.47772
2020-02-26,6.14128
2020-02-27,5.7064
2020-02-28,5.83368
2020-02-29,2.40772
2020-03-01,2.46075
2020-03-02,12.9826
2020-03-03,5.69579
2020-03-04,8.42172
2020-03-05,6.1731
2020-03-06,6.3428
2020-03-07,2.15316
2020-03-08,2.33347
2020-03-09,10.51124
2020-03-10,8.94145
2020-03-11,5.93975
2020-03-12,9.16419
2020-03-13,17.07679
2020-03-14,3.99872
2020-03-15,3.68052
2020-03-16,19.97242
2020-03-17,25.93338
2020-03-18,19.64361
2020-03-19,36.59312
2020-03-20,22.43317
2020-03-21,6.40644
2020-03-22,6.10946
2020-03-23,17.80865
2020-03-24,15.09333
2020-03-25,14.90241
2020-03-26,11.07339
2020-03-27,12.16588
2020-03-28,4.126
2020-03-29,3.36232
2020-03-30,8.2308
2020-03-31,6.38523
2020-04-01,6.27916
2020-04-02,6.62918
2020-04-03,5.13364
2020-04-04,2.71531
2020-04-05,2.36529
2020-04-06,6.04582
2020-04-07,7.14891
2020-04-08,5.53669
2020-04-09,4.98515
2020-04-10,5.91854
2020-04-11,1.88799
2020-04-12,2.3865
2020-04-13,5.8549
2020-04-14,4.63512
2020-04-15,2.08952
2020-04-16,5.89732
2020-04-17,4.85787
2020-04-18,1.54857
2020-04-19,1.50615
2020-04-20,4.2745
2020-04-21,5.36699
2020-04-22,4.57148
2020-04-23,4.2851
2020-04-24,4.53966
2020-04-25,1.60161
2020-04-26,1.52736
2020-04-27,4.4442
2020-04-28,3.97751
2020-04-29,4.4336
2020-04-30,1.49554
2020-05-01,1.44251
2020-05-02,1.24098
2020-05-03,1.36826
2020-05-04,2.93805
2020-05-05,1.55918
2020-05-06,3.24565
2020-05-07,3.37293
2020-05-08,3.47899
2020-05-09,1.03945
2020-05-10,0.96521
2020-05-11,3.59567
2020-05-12,2.99109
2020-05-13,2.83198
2020-05-14,3.08655
2020-05-15,3.29868
2020-05-16,1.45311
2020-05-17,1.66525
2020-05-18,4.42299
2020-05-19,3.77598
2020-05-20,3.30929
2020-05-21,3.1714
2020-05-22,4.53966
2020-05-23,1.49554
2020-05-24,1.50615
2020-05-25,5.62155
2020-05-26,4.94272
2020-05-27,5.84429
2020-05-28,4.67755
2020-05-29,3.38353
2020-05-30,1.16673
2020-05-31,1.4319
2020-06-01,5.53669
2020-06-02,4.61391
2020-06-03,6.32159
2020-06-04,4.03054
2020-06-05,6.27916
2020-06-06,2.0683
2020-06-07,2.10012
2020-06-08,7.18073
2020-06-09,8.2308
2020-06-10,7.09588
2020-06-11,5.5473
2020-06-12,4.83665
2020-06-13,1.05006
2020-06-14,1.21977
2020-06-15,4.50784
2020-06-16,3.41535
2020-06-17,3.07594
2020-06-18,3.16079
2020-06-19,2.41832
2020-06-20,0.76368
2020-06-21,0.85914
2020-06-22,3.16079
2020-06-23,2.87441
2020-06-24,4.09418
2020-06-25,2.59864
2020-06-26,4.01994
2020-06-27,1.00763
2020-06-28,1.07127
2020-06-29,3.39414
2020-06-30,3.68052
2020-07-01,2.78956
2020-07-02,2.32286
2020-07-03,2.17437
2020-07-04,0.76368
2020-07-05,0.81671
2020-07-06,3.44717
2020-07-07,3.31989
2020-07-08,2.42893
2020-07-09,2.99109
2020-07-10,2.5456
2020-07-11,0.88035
2020-07-12,0.84853
2020-07-13,2.5456
2020-07-14,2.75774
2020-07-15,2.26983
2020-07-16,2.23801
2020-07-17,2.12134
2020-07-18,0.65761
2020-07-19,0.8061
2020-07-20,2.32286
2020-07-21,3.41535
2020-07-22,3.68052
2020-07-23,2.26983
2020-07-24,2.42893
2020-07-25,0.90156
2020-07-26,0.88035
2020-07-27,3.51081
2020-07-28,3.61688
2020-07-29,3.13958
2020-07-30,4.4336
2020-07-31,3.66991
2020-08-01,0.92278
2020-08-02,1.28341
2020-08-03,2.3865
2020-08-04,2.15316
2020-08-05,3.54263
2020-08-06,4.85787
2020-08-07,3.39414
2020-08-08,0.89096
2020-08-09,1.1137
2020-08-10,3.22443
2020-08-11,2.99109
2020-08-12,2.7047
2020-08-13,3.21383
2020-08-14,2.5456
2020-08-15,0.81671
2020-08-16,0.7955
2020-08-17,1.25159
2020-08-18,2.5456
2020-08-19,3.57445
2020-08-20,3.36232
2020-08-21,2.48196
2020-08-22,0.92278
2020-08-23,0.93338
2020-08-24,3.1714
2020-08-25,2.76834
2020-08-26,2.63046
2020-08-27,2.58803
2020-08-28,2.58803
2020-08-29,0.96521
2020-08-30,1.15613
2020-08-31,3.68052
2020-09-01,2.39711
2020-09-02,2.14255
2020-09-03,2.46075
2020-09-04,2.28044
2020-09-05,0.6364
2020-09-06,0.85914
2020-09-07,2.19558
2020-09-08,2.13194
2020-09-09,2.3865
2020-09-10,2.42893
2020-09-11,1.97284
2020-09-12,0.70004
2020-09-13,0.67882
2020-09-14,3.09715
2020-09-15,4.4442
2020-09-16,9.70513
2020-09-17,8.18837
2020-09-18,12.53712
2020-09-19,2.40772
2020-09-20,1.81374
2020-09-21,7.93381
2020-09-22,5.14425
2020-09-23,4.39117
2020-09-24,5.17607
2020-09-25,3.1714
2020-09-26,0.90156
2020-09-27,1.03945
2020-09-28,2.88502
2020-09-29,2.72592
2020-09-30,0.7955
2020-10-01,0.77428
2020-10-02,0.82732
2020-10-03,0.99703
2020-10-04,1.07127
2020-10-05,4.73058
2020-10-06,4.62452
2020-10-07,4.50784
2020-10-08,6.09885
2020-10-09,3.23504
2020-10-10,1.9092
2020-10-11,1.58039
2020-10-12,7.50954
2020-10-13,6.1837
2020-10-14,5.33517
2020-10-15,4.85787
2020-10-16,4.62452
2020-10-17,1.16673
2020-10-18,1.33644
2020-10-19,5.64276
2020-10-20,6.48069
2020-10-21,8.90963
2020-10-22,5.44123
2020-10-23,5.93975
2020-10-24,2.60924
2020-10-25,1.78192
2020-10-26,5.39881
2020-10-27,5.90793
2020-10-28,5.18667
2020-10-29,5.26092
2020-10-30,4.30632
2020-10-31,1.52736
2020-11-01,1.35765
2020-11-02,4.17904
2020-11-03,3.82901
2020-11-04,5.74883
2020-11-05,6.44887
2020-11-06,7.45651
2020-11-07,2.3759
2020-11-08,2.58803
2020-11-09,11.46584
2020-11-10,7.72168
2020-11-11,7.9232
2020-11-12,6.43826
2020-11-13,4.92151
2020-11-14,1.85617
2020-11-15,1.73949
2020-11-16,8.16716
2020-11-17,7.45651
2020-11-18,7.13831
2020-11-19,7.59439
2020-11-20,4.87908
2020-11-21,1.71828
2020-11-22,1.77131
2020-11-23,5.14425
2020-11-24,5.75943
2020-11-25,6.38523
2020-11-26,5.29274
2020-11-27,5.37759
2020-11-28,2.68349
2020-11-29,2.15316
2020-11-30,5.58973
2020-12-01,4.65634
2020-12-02,7.04285
2020-12-03,10.91429
2020-12-04,13.21595
2020-12-05,4.14722
2020-12-06,3.55324
2020-12-07,8.69749
2020-12-08,7.06406
2020-12-09,7.41408
2020-12-10,5.90793
2020-12-11,6.30038
2020-12-12,2.72592
2020-12-13,2.00466
2020-12-14,5.23971
2020-12-15,6.6504
2020-12-16,4.94272
2020-12-17,5.65337
2020-12-18,5.99278
2020-12-19,2.29104
2020-12-20,2.03648
2020-12-21,7.52015
2020-12-22,5.87611
2020-12-23,5.10182
2020-12-24,4.34874
2020-12-25,1.95163
2020-12-26,1.71828
2020-12-27,1.54857
2020-12-28,5.78065
2020-12-29,5.97157
2020-12-30,8.30504
2020-12-31,7.21255
2021-01-01,2.77895
2021-01-02,1.93042
2021-01-03,2.26983
2021-01-04,8.85659
2021-01-05,7.02163
2021-01-06,5.31395
2021-01-07,5.67458
2021-01-08,6.5019
2021-01-09,2.47136
2021-01-10,2.42893
2021-01-11,6.36402
2021-01-12,5.73822
2021-01-13,5.23971
2021-01-14,5.26092
2021-01-15,4.46542
2021-01-16,2.28044
2021-01-17,2.43954
2021-01-18,6.71404
2021-01-19,5.32456
2021-01-20,4.49724
2021-01-21,5.39881
2021-01-22,4.7624
2021-01-23,1.99406
2021-01-24,2.2274
2021-01-25,3.97751
2021-01-26,3.82901
2021-01-27,3.83962
2021-01-28,8.69749
2021-01-29,6.58676
2021-01-30,1.99406
2021-01-31,1.93042
2021-02-01,5.36699
2021-02-02,4.39117
2021-02-03,3.90326
2021-02-04,4.2851
2021-02-05,6.36402
2021-02-06,1.86677
2021-02-07,1.63343
2021-02-08,4.22146
2021-02-09,3.74416
2021-02-10,4.42299
2021-02-11,1.52736
2021-02-12,1.31523
2021-02-13,1.54857
2021-02-14,1.4319
2021-02-15,5.57912
2021-02-16,6.0246
2021-02-17,4.07297
2021-02-18,3.44717
2021-02-19,3.11837
2021-02-20,1.30462
2021-02-21,1.19855
2021-02-22,4.16843
2021-02-23,4.36996
2021-02-24,3.70173
2021-02-25,3.44717
2021-02-26,5.37759
2021-02-27,1.95163
2021-02-28,1.53797
2021-03-01,2.67288
2021-03-02,4.85787
2021-03-03,4.16843
2021-03-04,4.56088
2021-03-05,5.92914
2021-03-06,1.54857
2021-03-07,1.72889
2021-03-08,7.21255
2021-03-09,7.95502
2021-03-10,6.97921
2021-03-11,5.78065
2021-03-12,4.78362
2021-03-13,1.60161
2021-03-14,1.4319
2021-03-15,4.53966
2021-03-16,4.30632
2021-03-17,3.57445
2021-03-18,5.91854
2021-03-19,3.83962
2021-03-20,1.17734
2021-03-21,1.14552
2021-03-22,3.46839
2021-03-23,3.56385
2021-03-24,3.38353
2021-03-25,3.56385
2021-03-26,3.08655
2021-03-27,0.96521
2021-03-28,1.10309
2021-03-29,2.74713
2021-03-30,3.37293
2021-03-31,3.24565
2021-04-01,3.39414
2021-04-02,2.78956
2021-04-03,0.7955
2021-04-04,0.7955
2021-04-05,2.98048
2021-04-06,4.34874
2021-04-07,5.44123
2021-04-08,3.94569
2021-04-09,3.38353
2021-04-10,1.01824
2021-04-11,1.17734
2021-04-12,3.62749
2021-04-13,3.09715
2021-04-14,4.31692
2021-04-15,3.8078
2021-04-16,3.94569
2021-04-17,1.58039
2021-04-18,1.23037
2021-04-19,4.03054
2021-04-20,4.6033
2021-04-21,3.38353
2021-04-22,3.04412
2021-04-23,2.5456
2021-04-24,1.02885
2021-04-25,0.88035
2021-04-26,4.40178
2021-04-27,4.07297
2021-04-28,4.4336
2021-04-29,7.99745
2021-04-30,4.47602
2021-05-01,1.26219
2021-05-02,1.05006
2021-05-03,4.00933
2021-05-04,3.34111
2021-05-05,1.71828
2021-05-06,3.55324
2021-05-07,3.08655
2021-05-08,0.84853
2021-05-09,0.96521
2021-05-10,3.34111
2021-05-11,3.27747
2021-05-12,3.79719
2021-05-13,4.73058
2021-05-14,3.70173
2021-05-15,0.88035
2021-05-16,1.09249
2021-05-17,5.33517
2021-05-18,4.18964
2021-05-19,1.591
2021-05-20,4.87908
2021-05-21,2.8638
2021-05-22,0.74246
2021-05-23,0.94399
2021-05-24,2.59864
2021-05-25,3.24565
2021-05-26,4.2745
2021-05-27,3.70173
2021-05-28,3.73355
2021-05-29,1.2728
2021-05-30,1.29401
2021-05-31,6.32159
2021-06-01,6.44887
2021-06-02,3.9563
2021-06-03,3.82901
2021-06-04,2.82138
2021-06-05,1.10309
2021-06-06,0.9546
2021-06-07,3.74416
2021-06-08,3.63809
2021-06-09,3.29868
2021-06-10,2.75774
2021-06-11,3.76537
2021-06-12,1.32583
2021-06-13,1.00763
2021-06-14,3.35171
2021-06-15,2.89563
2021-06-16,2.61985
2021-06-17,6.54433
2021-06-18,4.5927
2021-06-19,1.42129
2021-06-20,1.40008
2021-06-21,5.25031
2021-06-22,3.87144
2021-06-23,4.2851
2021-06-24,3.99872
2021-06-25,5.65337
2021-06-26,1.78192
2021-06-27,1.72889
2021-06-28,5.64276
2021-06-29,4.62452
2021-06-30,5.61094
2021-07-01,4.85787
2021-07-02,3.3305
2021-07-03,1.14552
2021-07-04,1.06067
2021-07-05,2.96987
2021-07-06,2.84259
2021-07-07,4.13661
2021-07-08,7.36105
2021-07-09,5.04879
2021-07-10,1.65464
2021-07-11,1.17734
2021-07-12,3.97751
2021-07-13,4.03054
2021-07-14,5.44123
2021-07-15,5.04879
2021-07-16,3.9563
2021-07-17,1.10309
2021-07-18,1.09249
2021-07-19,4.6033
2021-07-20,5.3882
2021-07-21,5.21849
2021-07-22,4.50784
2021-07-23,3.92448
2021-07-24,1.33644
2021-07-25,0.98642
2021-07-26,4.33814
2021-07-27,4.08358
2021-07-28,4.58209
2021-07-29,4.4442
2021-07-30,3.4896
2021-07-31,1.25159
2021-08-01,1.50615
2021-08-02,3.63809
2021-08-03,3.4896
2021-08-04,3.89266
2021-08-05,4.03054
2021-08-06,3.50021
2021-08-07,1.60161
2021-08-08,1.37887
2021-08-09,3.54263
2021-08-10,3.94569
2021-08-11,6.1837
2021-08-12,7.45651
2021-08-13,10.70216
2021-08-14,3.07594
2021-08-15,2.3759
2021-08-16,3.44717
2021-08-17,14.79635
2021-08-18,9.62028
2021-08-19,9.56724
2021-08-20,10.49002
2021-08-21,4.39117
2021-08-22,3.61688
2021-08-23,8.00806
2021-08-24,7.50954
2021-08-25,5.93975
2021-08-26,6.39584
2021-08-27,5.56851
2021-08-28,2.41832
2021-08-29,2.0683
2021-08-30,6.45948
2021-08-31,7.22316
2021-09-01,6.3322
2021-09-02,5.46245
2021-09-03,5.02757
2021-09-04,1.9092
2021-09-05,1.94102
2021-09-06,5.31395
2021-09-07,4.64573
2021-09-08,5.17607
2021-09-09,5.74883
2021-09-10,5.00636
2021-09-11,1.80313
2021-09-12,2.04709
2021-09-13,6.63979
2021-09-14,5.13364
2021-09-15,4.26389
2021-09-16,4.81544
2021-09-17,5.36699
2021-09-18,1.88799
2021-09-19,1.58039
2021-09-20,3.47899
2021-09-21,3.61688
2021-09-22,3.70173
2021-09-23,9.37632
2021-09-24,6.07764
2021-09-25,2.23801
2021-09-26,2.18498
2021-09-27,6.661
2021-09-28,9.05812
2021-09-29,8.06109
2021-09-30,6.25795
2021-10-01,6.77768
2021-10-02,2.65167
2021-10-03,2.2168
2021-10-04,3.36232
2021-10-05,7.20195
2021-10-06,10.2885
2021-10-07,8.43232
2021-10-08,8.42172
2021-10-09,3.37293
2021-10-10,2.59864
2021-10-11,3.98812
2021-10-12,11.74162
2021-10-13,7.61561
2021-10-14,7.05345
2021-10-15,6.87314
2021-10-16,2.20619
2021-10-17,2.11073
2021-10-18,5.78065
2021-10-19,7.35044
2021-10-20,8.45354
2021-10-21,5.8549
2021-10-22,4.4442
2021-10-23,1.95163
2021-10-24,1.69707
2021-10-25,8.61264
2021-10-26,9.68392
2021-10-27,5.90793
2021-10-28,4.65634
2021-10-29,5.02757
2021-10-30,1.66525
2021-10-31,1.81374
2021-11-01,4.98515
2021-11-02,4.25328
2021-11-03,5.53669
2021-11-04,5.57912
2021-11-05,5.08061
2021-11-06,1.88799
2021-11-07,1.64403
2021-11-08,4.83665
2021-11-09,6.014
2021-11-10,4.35935
2021-11-11,4.61391
2021-11-12,4.63512
2021-11-13,1.41069
2021-11-14,1.56979
2021-11-15,4.39117
2021-11-16,4.00933
2021-11-17,4.06236
2021-11-18,3.43657
2021-11-19,4.22146
2021-11-20,1.84556
2021-11-21,1.61221
2021-11-22,4.70937
2021-11-23,4.65634
2021-11-24,4.04115
2021-11-25,4.56088
2021-11-26,5.71701
2021-11-27,2.5456
2021-11-28,2.34408
2021-11-29,5.11243
2021-11-30,4.96393
2021-12-01,7.00042
2021-12-02,6.41705
2021-12-03,3.90326
2021-12-04,1.77131
2021-12-05,1.48493
2021-12-06,4.26389
2021-12-07,3.92448
2021-12-08,5.32456
2021-12-09,5.34577
2021-12-10,3.50021
2021-12-11,1.1137
2021-12-12,1.21977
2021-12-13,3.98812
2021-12-14,3.6487
2021-12-15,4.16843
2021-12-16,4.5927
2021-12-17,3.42596
2021-12-18,1.21977
2021-12-19,1.37887
2021-12-20,5.69579
2021-12-21,5.09121
2021-12-22,3.78659
2021-12-23,3.4896
2021-12-24,2.75774
2021-12-25,0.97581
2021-12-26,1.16673
2021-12-27,3.39414
2021-12-28,3.3305
2021-12-29,2.96987
2021-12-30,3.72295
2021-12-31,2.64106
2022-01-01,1.13491
2022-01-02,1.24098
2022-01-03,4.5927
2022-01-04,5.60033
2022-01-05,7.06406
2022-01-06,8.83538
2022-01-07,8.67628
2022-01-08,2.68349
2022-01-09,2.99109
2022-01-10,6.04582
2022-01-11,5.68519
2022-01-12,4.96393
2022-01-13,6.48069
2022-01-14,4.6033
2022-01-15,1.40008
2022-01-16,1.41069
2022-01-17,4.05176
2022-01-18,3.79719
2022-01-19,3.55324
2022-01-20,3.30929
2022-01-21,3.46839
2022-01-22,1.44251
2022-01-23,1.49554
2022-01-24,4.64573
2022-01-25,4.93211
2022-01-26,3.8078
2022-01-27,7.96563
2022-01-28,8.16716
2022-01-29,3.24565
2022-01-30,2.42893
2022-01-31,2.2274
2022-02-01,2.33347
2022-02-02,3.30929
2022-02-03,6.71404
2022-02-04,5.82308
2022-02-05,2.39711
2022-02-06,1.85617
2022-02-07,4.68816
2022-02-08,4.61391
2022-02-09,4.84726
2022-02-10,4.25328
2022-02-11,4.17904
2022-02-12,1.71828
2022-02-13,1.55918
2022-02-14,4.65634
2022-02-15,4.09418
2022-02-16,3.68052
2022-02-17,3.54263
2022-02-18,3.77598
2022-02-19,1.50615
2022-02-20,1.29401
2022-02-21,5.07
2022-02-22,4.21086
2022-02-23,4.31692
2022-02-24,8.68689
2022-02-25,7.99745
2022-02-26,1.97284
2022-02-27,2.04709
2022-02-28,5.53669
2022-03-01,2.56682
2022-03-02,5.19728
2022-03-03,4.4336
2022-03-04,8.49596
2022-03-05,3.31989
2022-03-06,2.90623
2022-03-07,14.78574
2022-03-08,15.9843
2022-03-09,6.13067
2022-03-10,10.52184
2022-03-11,10.99915
2022-03-12,5.87611
2022-03-13,5.34577
2022-03-14,14.4145
2022-03-15,15.25243
2022-03-16,12.78107
2022-03-17,18.06321
2022-03-18,12.21892
2022-03-19,3.87144
2022-03-20,3.6487
2022-03-21,7.49893
2022-03-22,7.43529
2022-03-23,7.55197
2022-03-24,6.10946
2022-03-25,5.78065
2022-03-26,2.3759
2022-03-27,2.32286
2022-03-28,6.68222
2022-03-29,5.79126
2022-03-30,8.49596
2022-03-31,6.32159
2022-04-01,5.18667
2022-04-02,1.93042
2022-04-03,2.16376
2022-04-04,5.2291
2022-04-05,5.73822
2022-04-06,4.10479
2022-04-07,4.23207
2022-04-08,4.86847
2022-04-09,1.81374
2022-04-10,1.86677
2022-04-11,8.05048
2022-04-12,9.08994
2022-04-13,7.43529
2022-04-14,6.82011
2022-04-15,5.51548
2022-04-16,2.25922
2022-04-17,2.10012
2022-04-18,6.44887
2022-04-19,7.41408
2022-04-20,8.33686
2022-04-21,7.52015
2022-04-22,9.58845
2022-04-23,3.4896
2022-04-24,3.16079
2022-04-25,13.56597
2022-04-26,11.78404
2022-04-27,19.9406
2022-04-28,19.633
2022-04-29,13.95842
2022-04-30,4.07297
2022-05-01,3.99872
2022-05-02,9.3445
2022-05-03,7.62621
2022-05-04,7.05345
2022-05-05,5.16546
2022-05-06,9.68392
2022-05-07,3.83962
2022-05-08,3.77598
2022-05-09,11.26431
2022-05-10,10.03394
2022-05-11,8.12473
2022-05-12,16.99193
2022-05-13,10.50063
2022-05-14,3.73355
2022-05-15,2.94866
2022-05-16,9.53542
2022-05-17,9.48239
2022-05-18,9.14297
2022-05-19,8.22019
2022-05-20,8.66567
2022-05-21,2.87441
2022-05-22,2.50318
2022-05-23,8.8672
2022-05-24,7.96563
2022-05-25,7.96563
2022-05-26,7.37165
2022-05-27,9.46117
2022-05-28,3.22443
2022-05-29,2.81077
2022-05-30,15.42214
2022-05-31,10.79762
2022-06-01,3.87144
2022-06-02,7.2868
2022-06-03,7.77471
2022-06-04,2.58803
2022-06-05,1.99406
2022-06-06,3.6487
2022-06-07,7.9232
2022-06-08,6.68222
2022-06-09,5.73822
2022-06-10,7.33983
2022-06-11,4.71998
2022-06-12,3.75477
2022-06-13,12.73865
2022-06-14,12.40984
2022-06-15,11.16885
2022-06-16,12.65379
2022-06-17,9.68392
2022-06-18,4.16843
2022-06-19,3.50021
2022-06-20,9.25965
2022-06-21,7.66864
2022-06-22,14.59482
2022-06-23,16.45099
2022-06-24,9.76877
2022-06-25,3.15019
2022-06-26,3.44717
2022-06-27,10.79762
2022-06-28,7.18073
2022-06-29,6.74586
2022-06-30,8.17776
2022-07-01,6.85193
2022-07-02,2.61985
2022-07-03,2.89563
2022-07-04,6.82011
2022-07-05,9.14297
2022-07-06,12.22952
2022-07-07,8.96266
2022-07-08,6.74586
2022-07-09,2.59864
2022-07-10,2.96987
2022-07-11,8.44293
2022-07-12,12.52651
2022-07-13,9.15358
2022-07-14,11.4022
2022-07-15,18.28595
2022-07-16,4.88969
2022-07-17,4.47602
2022-07-18,10.11879
2022-07-19,10.03394
2022-07-20,9.74756
2022-07-21,8.12473
2022-07-22,7.02163
2022-07-23,3.10776
2022-07-24,2.82138
2022-07-25,8.0823
2022-07-26,7.19134
2022-07-27,6.78829
2022-07-28,12.49469
2022-07-29,10.58549
2022-07-30,2.95927
2022-07-31,2.30165
2022-08-01,6.6504
2022-08-02,5.92914
2022-08-03,6.21552
2022-08-04,5.89732
2022-08-05,9.8218
2022-08-06,3.58506
2022-08-07,3.50021
2022-08-08,9.00509
2022-08-09,6.45948
2022-08-10,7.81714
2022-08-11,7.84896
2022-08-12,6.06703
2022-08-13,2.26983
2022-08-14,2.15316
2022-08-15,3.65931
2022-08-16,9.13237
2022-08-17,7.53075
2022-08-18,11.35977
2022-08-19,14.61603
2022-08-20,6.25795
2022-08-21,5.8655
2022-08-22,23.12261
2022-08-23,25.25456
2022-08-24,22.82562
2022-08-25,13.42808
2022-08-26,8.47475
2022-08-27,4.21086
2022-08-28,4.29571
2022-08-29,33.13534
2022-08-30,15.37971
2022-08-31,18.92235
2022-09-01,22.3165
2022-09-02,22.61349
2022-09-03,10.09758
2022-09-04,7.4459
2022-09-05,29.9109
2022-09-06,29.47602
2022-09-07,49.77725
2022-09-08,25.88035
2022-09-09,9.88544
2022-09-10,7.82774
2022-09-11,6.89435
2022-09-12,9.13237
2022-09-13,19.4633
2022-09-14,26.51675
2022-09-15,28.38353
2022-09-16,24.73483
2022-09-17,9.19601
2022-09-18,8.49596
2022-09-19,22.08315
2022-09-20,17.84047
2022-09-21,13.07806
2022-09-22,23.09079
2022-09-23,24.28935
2022-09-24,18.65719
2022-09-25,14.66907
2022-09-26,40.54942
2022-09-27,26.96224
2022-09-28,34.01569
2022-09-29,25.91217
2022-09-30,29.20025
2022-10-01,20.23759
2022-10-02,17.85108
2022-10-03,21.23462
2022-10-04,40.29486
2022-10-05,51.54857
2022-10-06,56.22613
2022-10-07,27.88502
2022-10-08,13.01442
2022-10-09,12.40984
2022-10-10,18.13746
2022-10-11,37.97199
2022-10-12,34.68392
2022-10-13,30.83368
2022-10-14,29.06236
2022-10-15,15.48578
2022-10-16,13.74628
2022-10-17,30.8655
2022-10-18,34.1854
2022-10-19,34.8112
2022-10-20,26.21977
2022-10-21,29.42299
2022-10-22,11.5613
2022-10-23,10.04454
2022-10-24,23.04836
2022-10-25,23.21807
2022-10-26,27.40772
2022-10-27,30.53669
2022-10-28,21.22401
2022-10-29,9.55663
2022-10-30,6.48069
2022-10-31,18.90114
2022-11-01,24.45905
2022-11-02,22.35893
2022-11-03,23.71658
2022-11-04,18.76325
2022-11-05,13.41747
2022-11-06,13.6084
2022-11-07,56.44887
2022-11-08,74.78786
2022-11-09,80.81247
2022-11-10,52.83198
2022-11-11,100.0
2022-11-12,36.14764
2022-11-13,26.00763
2022-11-14,57.9232
2022-11-15,51.08188
2022-11-16,44.38905
2022-11-17,42.07679
2022-11-18,27.65167
2022-11-19,10.50063
2022-11-20,11.30674
2022-11-21,29.04115
2022-11-22,23.87568
2022-11-23,20.69367
2022-11-24,30.73822
2022-11-25,23.92872
2022-11-26,9.75816
2022-11-27,8.22019
2022-11-28,22.03012
2022-11-29,26.28341
2022-11-30,38.44929
2022-12-01,56.9686
2022-12-02,37.16588
2022-12-03,10.15061
2022-12-04,10.22486
2022-12-05,41.34492
2022-12-06,34.45057
2022-12-07,27.50318
2022-12-08,21.80738
2022-12-09,25.0
2022-12-10,10.36274
2022-12-11,9.69452
2022-12-12,22.26347
2022-12-13,22.21043
2022-12-14,34.70513
2022-12-15,29.126
2022-12-16,23.7378
2022-12-17,9.17479
2022-12-18,9.9703
2022-12-19,24.14085
2022-12-20,34.85362
2022-12-21,37.97199
2022-12-22,43.71022
2022-12-23,25.0
2022-12-24,9.5036
2022-12-25,8.62324
2022-12-26,33.58082
2022-12-27,40.74034
2022-12-28,30.80186
2022-12-29,27.92745
2022-12-30,25.20152
2022-12-31,12.57955
2023-01-01,11.14764
2023-01-02,27.77895
2023-01-03,24.58633
2023-01-04,20.94823
2023-01-05,16.81162
2023-01-06,19.10267
2023-01-07,12.78107
2023-01-08,10.58549
2023-01-09,43.65719
2023-01-10,37.11285
2023-01-11,24.77725
2023-01-12,22.9529
2023-01-13,26.82435
2023-01-14,11.37038
2023-01-15,9.31268
2023-01-16,28.10776
2023-01-17,21.33008
2023-01-18,22.62409
2023-01-19,20.18455
2023-01-20,15.33729
2023-01-21,6.52312
2023-01-22,6.1731
2023-01-23,7.78532
2023-01-24,11.31735
2023-01-25,21.94526
2023-01-26,20.16334
2023-01-27,20.63003
2023-01-28,8.78235
2023-01-29,8.00806
2023-01-30,23.50445
2023-01-31,18.49809
2023-02-01,17.78744
2023-02-02,30.07
2023-02-03,19.33602
2023-02-04,16.6207
2023-02-05,11.57191
2023-02-06,30.28213
2023-02-07,31.68222
2023-02-08,23.98175
2023-02-09,22.75137
2023-02-10,23.18625
2023-02-11,15.47518
2023-02-12,11.73101
2023-02-13,34.27025
2023-02-14,28.50021
2023-02-15,42.01315
2023-02-16,30.96096
2023-02-17,46.35129
2023-02-18,18.09503
2023-02-19,18.10564
2023-02-20,33.02927
2023-02-21,22.74077
2023-02-22,34.10055
2023-02-23,29.90029
2023-02-24,30.81247
2023-02-25,19.97242
2023-02-26,13.29019
2023-02-27,46.97708
2023-02-28,40.27365
2023-03-01,22.50742
2023-03-02,35.30971
2023-03-03,25.24395
2023-03-04,12.43105
2023-03-05,10.1294
2023-03-06,27.67288
2023-03-07,22.60288
2023-03-08,42.86168
2023-03-09,34.72634
2023-03-10,35.40517
2023-03-11,12.8235
2023-03-12,16.154
2023-03-13,49.43784
2023-03-14,33.01866
2023-03-15,32.20195
2023-03-16,23.04836
2023-03-17,21.14976
2023-03-18,9.22783
2023-03-19,9.19601
2023-03-20,28.02291
2023-03-21,25.1591
2023-03-22,20.53457
2023-03-23,53.37293
2023-03-24,29.52906
2023-03-25,10.16122
2023-03-26,9.41875
2023-03-27,24.27874
2023-03-28,21.13915
2023-03-29,17.37378
2023-03-30,20.77853
2023-03-31,19.37844
2023-04-01,10.37335
2023-04-02,8.35808
2023-04-03,33.2308
2023-04-04,24.48027
2023-04-05,20.79974
2023-04-06,27.58803
2023-04-07,20.20577
2023-04-08,8.31565
2023-04-09,8.4005
2023-04-10,24.78786
2023-04-11,26.80313
2023-04-12,32.56257
2023-04-13,33.99448
2023-04-14,38.21595
2023-04-15,9.00509
2023-04-16,7.87017
2023-04-17,25.18031
2023-04-18,22.44378
2023-04-19,28.40475
2023-04-20,25.43487
2023-04-21,22.30589
2023-04-22,11.25371
2023-04-23,10.19304
2023-04-24,30.33517
2023-04-25,26.09249
2023-04-26,28.10776
2023-04-27,27.55621
2023-04-28,21.02248
2023-04-29,10.7658
2023-04-30,8.90963
2023-05-01,14.30844
2023-05-02,27.77895
2023-05-03,28.28807
2023-05-04,37.38862
2023-05-05,13.67204
2023-05-06,13.89478
2023-05-07,9.83241
2023-05-08,24.09843
2023-05-09,22.51803
2023-05-10,21.89223
2023-05-11,23.30292
2023-05-12,19.7815
2023-05-13,12.47348
2023-05-14,10.78701
2023-05-15,23.40899
2023-05-16,21.17098
2023-05-17,21.13915
2023-05-18,22.46499
2023-05-19,22.09376
2023-05-20,8.81417
2023-05-21,8.52778
2023-05-22,36.62494
2023-05-23,39.4145
2023-05-24,22.43317
2023-05-25,21.12855
2023-05-26,17.51166
2023-05-27,7.03224
2023-05-28,7.10649
2023-05-29,11.15825
2023-05-30,24.34238
2023-05-31,21.90284
2023-06-01,19.12388
2023-06-02,31.1731
2023-06-03,10.06576
2023-06-04,8.30504
2023-06-05,26.36826
2023-06-06,15.28425
2023-06-07,38.69325
2023-06-08,21.72252
2023-06-09,42.67076
2023-06-10,17.098
2023-06-11,12.3568
2023-06-12,43.11624
2023-06-13,74.19389
2023-06-14,53.61688
2023-06-15,38.65082
2023-06-16,30.09121
2023-06-17,11.62494
2023-06-18,9.8112
2023-06-19,28.77598
2023-06-20,22.86805
2023-06-21,28.43657
2023-06-22,24.97878
2023-06-23,32.03224
2023-06-24,13.07806
2023-06-25,10.08697
2023-06-26,22.82562
2023-06-27,22.13619
2023-06-28,24.83029
2023-06-29,30.8655
2023-06-30,28.54263
2023-07-01,9.53542
2023-07-02,9.89605
2023-07-03,25.30759
2023-07-04,25.86974
2023-07-05,21.94526
2023-07-06,15.9949
2023-07-07,14.06448
2023-07-08,5.96096
2023-07-09,5.64276
2023-07-10,15.85702
2023-07-11,23.55748
2023-07-12,26.69707
2023-07-13,46.27704
2023-07-14,45.98005
2023-07-15,10.35214
2023-07-16,8.18837
2023-07-17,35.15061
2023-07-18,39.36147
2023-07-19,25.72125
2023-07-20,22.24225
2023-07-21,24.36359
2023-07-22,9.83241
2023-07-23,7.23377
2023-07-24,20.85277
2023-07-25,19.01781
2023-07-26,17.82986
2023-07-27,31.28977
2023-07-28,24.73483
2023-07-29,9.05812
2023-07-30,7.66864
2023-07-31,26.23037
2023-08-01,23.5787
2023-08-02,35.2885
2023-08-03,32.9126
2023-08-04,32.9232
2023-08-05,11.8689
2023-08-06,11.26431
2023-08-07,29.01994
2023-08-08,47.83623
2023-08-09,38.70386
2023-08-10,25.90156
2023-08-11,38.04624
2023-08-12,23.03775
2023-08-13,17.5753
2023-08-14,41.79041
2023-08-15,26.99406
2023-08-16,49.13025
2023-08-17,49.32117
2023-08-18,32.73228
2023-08-19,14.82817
2023-08-20,14.69028
2023-08-21,36.62494
2023-08-22,31.38523
2023-08-23,28.58506
2023-08-24,39.78574
2023-08-25,25.36062
2023-08-26,9.03691
2023-08-27,7.21255
2023-08-28,20.16334
2023-08-29,17.26771
2023-08-30,17.49045
2023-08-31,15.22061
2023-09-01,16.71616
2023-09-02,6.30038
2023-09-03,6.67161
2023-09-04,17.37378
2023-09-05,21.59524
2023-09-06,17.69198
2023-09-07,18.48748
2023-09-08,14.47815
2023-09-09,6.98981
2023-09-10,6.44887
2023-09-11,16.94951
2023-09-12,15.44336
2023-09-13,13.13109
2023-09-14,13.31141
2023-09-15,11.75222
2023-09-16,5.13364
2023-09-17,5.16546
2023-09-18,15.34789
2023-09-19,15.72974
2023-09-20,11.7204
2023-09-21,20.54518
2023-09-22,13.62961
2023-09-23,4.51845
2023-09-24,4.62452
2023-09-25,13.66143
2023-09-26,23.56809
2023-09-27,19.74968
2023-09-28,8.52778
2023-09-29,5.55791
2023-09-30,5.3882
2023-10-01,5.69579
2023-10-02,8.5596
2023-10-03,13.38565
2023-10-04,28.77598
2023-10-05,20.56639
2023-10-06,15.8358
2023-10-07,6.26856
2023-10-08,4.83665
2023-10-09,10.4582
2023-10-10,19.80271
2023-10-11,20.98005
2023-10-12,16.54645
2023-10-13,14.50997
2023-10-14,7.24437
2023-10-15,6.94739
2023-10-16,16.44039
2023-10-17,15.30547
2023-10-18,13.73568
2023-10-19,19.64361
2023-10-20,14.73271
2023-10-21,5.17607
2023-10-22,4.46542
2023-10-23,12.38862
2023-10-24,15.26304
2023-10-25,11.28553
2023-10-26,15.44336
2023-10-27,11.29613
2023-10-28,4.01994
2023-10-29,4.55027
2023-10-30,12.8235
2023-10-31,13.20534
2023-11-01,12.92957
2023-11-02,19.18752
2023-11-03,31.05642
2023-11-04,14.61603
2023-11-05,10.50063
2023-11-06,48.92872
2023-11-07,28.79719
2023-11-08,22.56045
2023-11-09,17.01315
2023-11-10,14.87059
2023-11-11,5.67458
2023-11-12,5.43063
2023-11-13,15.57064
2023-11-14,15.1994
2023-11-15,25.60458
2023-11-16,23.72719
2023-11-17,21.08612
2023-11-18,6.72464
2023-11-19,6.37462
2023-11-20,24.09843
2023-11-21,24.61815
2023-11-22,16.12218
2023-11-23,13.57658
2023-11-24,13.48112
2023-11-25,5.80186
2023-11-26,6.00339
2023-11-27,15.9843
2023-11-28,19.53754
2023-11-29,22.28468
2023-11-30,19.01781
2023-12-01,17.46924
2023-12-02,6.19431
2023-12-03,5.18667
2023-12-04,15.91005
2023-12-05,23.04836
2023-12-06,19.04963
2023-12-07,29.34874
2023-12-08,17.74501
2023-12-09,7.97624
2023-12-10,8.00806
2023-12-11,20.04666
2023-12-12,17.84047
2023-12-13,17.92532
2023-12-14,35.09758
2023-12-15,25.78489
2023-12-16,9.32329
2023-12-17,6.88375
2023-12-18,21.11794
2023-12-19,19.13449
2023-12-20,18.03139
2023-12-21,14.69028
2023-12-22,15.05091
2023-12-23,6.03521
2023-12-24,4.80483
2023-12-25,6.15188
2023-12-26,22.38014
2023-12-27,20.06788
2023-12-28,26.24098
2023-12-29,20.00424
2023-12-30,7.33983
2023-12-31,6.1837
2024-01-01,6.88375
2024-01-02,24.03478
2024-01-03,24.02418
2024-01-04,18.57233
2024-01-05,19.86635
2024-01-06,7.83835
2024-01-07,7.43529
2024-01-08,18.38141
2024-01-09,17.80865
2024-01-10,22.25286
2024-01-11,16.6207
2024-01-12,14.26601
2024-01-13,5.82308
2024-01-14,6.26856
2024-01-15,19.43148
2024-01-16,32.17013
2024-01-17,43.94357
2024-01-18,26.34705
2024-01-19,20.06788
2024-01-20,8.05048
2024-01-21,8.37929
2024-01-22,21.9983
2024-01-23,19.68604
2024-01-24,17.74501
2024-01-25,17.21467
2024-01-26,15.32668
2024-01-27,6.67161
2024-01-28,6.73525
2024-01-29,16.22825
2024-01-30,17.80865
2024-01-31,9.78998
2024-02-01,9.22783
2024-02-02,11.37038
2024-02-03,4.67755
2024-02-04,3.92448
2024-02-05,16.61009
2024-02-06,11.7204
2024-02-07,9.67331
2024-02-08,10.73398
2024-02-09,3.50021
2024-02-10,4.31692
2024-02-11,4.78362
2024-02-12,6.1837
2024-02-13,14.73271
2024-02-14,14.29783
2024-02-15,11.48705
2024-02-16,10.55366
2024-02-17,4.6033
2024-02-18,4.17904
2024-02-19,11.33856
2024-02-20,12.67501
2024-02-21,9.95969
2024-02-22,14.06448
2024-02-23,11.23249
2024-02-24,3.55324
2024-02-25,4.09418
2024-02-26,9.5036
2024-02-27,8.68689
2024-02-28,9.51421
2024-02-29,7.58379
2024-03-01,3.53203
2024-03-02,3.52142
2024-03-03,3.38353
2024-03-04,8.80356
2024-03-05,7.73228
2024-03-06,8.44293
2024-03-07,8.46414
2024-03-08,12.49469
2024-03-09,4.88969
2024-03-10,4.2851
2024-03-11,18.69961
2024-03-12,15.97369
2024-03-13,11.17946
2024-03-14,9.05812
2024-03-15,11.13703
2024-03-16,3.38353
2024-03-17,3.46839
2024-03-18,10.65973
2024-03-19,14.0963
2024-03-20,10.7658
2024-03-21,13.82053
2024-03-22,12.49469
2024-03-23,5.53669
2024-03-24,4.81544
2024-03-25,11.52948
2024-03-26,9.45057
2024-03-27,15.58124
2024-03-28,14.26601
2024-03-29,10.33092
2024-03-30,4.36996
2024-03-31,4.4336
2024-04-01,12.60076
2024-04-02,15.52821
2024-04-03,11.34917
2024-04-04,10.30971
2024-04-05,10.72337
2024-04-06,4.05176
2024-04-07,4.2745
2024-04-08,12.81289
2024-04-09,10.59609
2024-04-10,6.37462
2024-04-11,20.93763
2024-04-12,29.99575
2024-04-13,14.71149
2024-04-14,14.45693
2024-04-15,28.53203
2024-04-16,46.48918
2024-04-17,30.20789
2024-04-18,26.45311
2024-04-19,19.44208
2024-04-20,6.51251
2024-04-21,6.89435
2024-04-22,18.09503
